<?xml version="1.0" encoding="UTF-8"?><?xml-stylesheet type='text/xsl' href='_UpgradeReport_Files/UpgradeReport.xslt'?><UpgradeLog>
<Properties><Property Name="Solution" Value="WebApplication1">
</Property><Property Name="Solution File" Value="D:\AspNet\Ajax\ProgressBar\jQueryProgressBar\jQueryProgressBar\WebApplication1\WebApplication1.sln">
</Property><Property Name="User Options File" Value="D:\AspNet\Ajax\ProgressBar\jQueryProgressBar\jQueryProgressBar\WebApplication1\WebApplication1.suo">
</Property><Property Name="Date" Value="26 May 2014">
</Property><Property Name="Time" Value="10:36">
</Property></Properties><Event ErrorLevel="0" Project="" Source="WebApplication1.sln" Description="File successfully backed up as D:\AspNet\Ajax\ProgressBar\jQueryProgressBar\jQueryProgressBar\WebApplication1\Backup\WebApplication1.sln">
</Event><Event ErrorLevel="0" Project="" Source="WebApplication1.suo" Description="File successfully backed up as D:\AspNet\Ajax\ProgressBar\jQueryProgressBar\jQueryProgressBar\WebApplication1\Backup\WebApplication1.suo">
</Event><Event ErrorLevel="0" Project="WebApplication1" Source="WebApplication1.csproj" Description="Project file successfully backed up as D:\AspNet\Ajax\ProgressBar\jQueryProgressBar\jQueryProgressBar\WebApplication1\Backup\WebApplication1.csproj">
</Event><Event ErrorLevel="0" Project="WebApplication1" Source="WebApplication1.csproj.user" Description="Project user file successfully backed up as D:\AspNet\Ajax\ProgressBar\jQueryProgressBar\jQueryProgressBar\WebApplication1\Backup\WebApplication1.csproj.user">
</Event><Event ErrorLevel="0" Project="WebApplication1" Source="Default.aspx.cs" Description="File successfully backed up as D:\AspNet\Ajax\ProgressBar\jQueryProgressBar\jQueryProgressBar\WebApplication1\Backup\Default.aspx.cs">
</Event><Event ErrorLevel="0" Project="WebApplication1" Source="Default.aspx.designer.cs" Description="File successfully backed up as D:\AspNet\Ajax\ProgressBar\jQueryProgressBar\jQueryProgressBar\WebApplication1\Backup\Default.aspx.designer.cs">
</Event><Event ErrorLevel="0" Project="WebApplication1" Source="Properties\AssemblyInfo.cs" Description="File successfully backed up as D:\AspNet\Ajax\ProgressBar\jQueryProgressBar\jQueryProgressBar\WebApplication1\Backup\Properties\AssemblyInfo.cs">
</Event><Event ErrorLevel="0" Project="WebApplication1" Source="CSS\ui.all.css" Description="File successfully backed up as D:\AspNet\Ajax\ProgressBar\jQueryProgressBar\jQueryProgressBar\WebApplication1\Backup\CSS\ui.all.css">
</Event><Event ErrorLevel="0" Project="WebApplication1" Source="CSS\ui.base.css" Description="File successfully backed up as D:\AspNet\Ajax\ProgressBar\jQueryProgressBar\jQueryProgressBar\WebApplication1\Backup\CSS\ui.base.css">
</Event><Event ErrorLevel="0" Project="WebApplication1" Source="CSS\ui.core.css" Description="File successfully backed up as D:\AspNet\Ajax\ProgressBar\jQueryProgressBar\jQueryProgressBar\WebApplication1\Backup\CSS\ui.core.css">
</Event><Event ErrorLevel="0" Project="WebApplication1" Source="CSS\ui.progressbar.css" Description="File successfully backed up as D:\AspNet\Ajax\ProgressBar\jQueryProgressBar\jQueryProgressBar\WebApplication1\Backup\CSS\ui.progressbar.css">
</Event><Event ErrorLevel="0" Project="WebApplication1" Source="CSS\ui.theme.css" Description="File successfully backed up as D:\AspNet\Ajax\ProgressBar\jQueryProgressBar\jQueryProgressBar\WebApplication1\Backup\CSS\ui.theme.css">
</Event><Event ErrorLevel="0" Project="WebApplication1" Source="Default.aspx" Description="File successfully backed up as D:\AspNet\Ajax\ProgressBar\jQueryProgressBar\jQueryProgressBar\WebApplication1\Backup\Default.aspx">
</Event><Event ErrorLevel="0" Project="WebApplication1" Source="Scripts\jquery-1.3.2-vsdoc.js" Description="File successfully backed up as D:\AspNet\Ajax\ProgressBar\jQueryProgressBar\jQueryProgressBar\WebApplication1\Backup\Scripts\jquery-1.3.2-vsdoc.js">
</Event><Event ErrorLevel="0" Project="WebApplication1" Source="Scripts\jquery-1.3.2.js" Description="File successfully backed up as D:\AspNet\Ajax\ProgressBar\jQueryProgressBar\jQueryProgressBar\WebApplication1\Backup\Scripts\jquery-1.3.2.js">
</Event><Event ErrorLevel="0" Project="WebApplication1" Source="Scripts\ui.core.js" Description="File successfully backed up as D:\AspNet\Ajax\ProgressBar\jQueryProgressBar\jQueryProgressBar\WebApplication1\Backup\Scripts\ui.core.js">
</Event><Event ErrorLevel="0" Project="WebApplication1" Source="Scripts\ui.progressbar.js" Description="File successfully backed up as D:\AspNet\Ajax\ProgressBar\jQueryProgressBar\jQueryProgressBar\WebApplication1\Backup\Scripts\ui.progressbar.js">
</Event><Event ErrorLevel="0" Project="WebApplication1" Source="Web.config" Description="File successfully backed up as D:\AspNet\Ajax\ProgressBar\jQueryProgressBar\jQueryProgressBar\WebApplication1\Backup\Web.config">
</Event><Event ErrorLevel="0" Project="WebApplication1" Source="WebApplication1.csproj" Description="Project converted successfully">
</Event><Event ErrorLevel="3" Project="WebApplication1" Source="WebApplication1.csproj" Description="Converted">
</Event><Event ErrorLevel="0" Project="" Source="WebApplication1.sln" Description="Solution converted successfully">
</Event><Event ErrorLevel="3" Project="" Source="WebApplication1.sln" Description="Converted">
</Event><Event ErrorLevel="0" Project="WebApplication1" Source="WebApplication1.csproj" Description="Scan complete: Upgrade not required for project files.">
</Event></UpgradeLog>